Matrix Size,Standard Sum,OpenMP Sum,Multithraed Sum,Standard Multiplication,OpenMP Multiplication,Multithraed Multiplication,
10,0.64,144.361,3861.89,2.561,5.122,820.391,
11,0.64,2.561,832.874,3.2,3.521,765.656,
12,0.64,2.56,1870.93,4.162,3.2,738.767,
13,0.64,411.956,973.073,4.801,201.977,1046.69,
14,0.64,197.496,970.833,5.761,209.979,943.625,
15,0.641,221.822,1009.24,7.362,211.9,941.064,
16,0.64,196.536,932.422,8.643,208.379,877.047,
17,0.64,197.495,1974.96,10.563,211.9,881.528,
18,0.641,4.801,922.179,12.483,148.522,3025.81,
19,0.64,4.481,977.876,16.005,244.548,1023.33,
20,0.961,199.737,887.29,18.886,227.264,964.111,
21,0.961,205.818,879.927,21.126,203.898,887.289,
22,1.28,200.376,953.548,24.007,205.177,946.506,
23,1.28,219.261,913.217,27.528,212.859,885.689,
24,1.28,203.257,1577.72,31.689,663.227,920.259,
25,1.281,198.456,877.367,35.21,210.62,880.247,
26,1.28,205.818,964.111,39.371,242.629,878.648,
27,1.6,201.977,917.378,44.813,1638.54,935.624,
28,1.6,205.818,894.331,48.654,218.621,899.453,
29,1.6,903.294,948.107,55.055,215.421,921.219,
30,1.601,197.175,2579.61,59.537,35.21,890.17,
31,1.921,194.295,1088.31,66.899,225.983,882.489,
32,1.921,197.495,869.045,71.7,247.429,867.124,
33,1.92,202.617,939.784,78.742,250.31,2494.46,
34,2.241,200.056,997.401,85.784,252.551,932.742,
35,2.561,208.059,902.974,93.146,248.71,918.978,
36,2.561,203.897,935.623,101.788,268.235,931.782,
37,2.56,205.497,950.667,109.471,249.03,990.679,
38,2.561,198.136,925.7,120.034,257.993,882.168,
39,3.201,200.056,933.702,129.317,260.873,896.252,
40,3.841,9.922,1587.65,139.239,242.949,971.793,
41,2.881,209.659,898.493,151.083,266.955,874.486,
42,3.201,199.736,947.467,160.365,268.876,910.336,
43,3.521,9.923,757.333,217.982,231.105,840.236,
44,3.521,205.818,940.424,229.504,268.235,878.967,
45,3.841,10.883,859.762,241.988,806.307,947.146,
46,3.841,222.143,3487.38,266.955,248.71,1003.48,
47,4.161,212.86,951.947,221.502,58.257,715.401,
48,4.161,3.521,700.677,236.866,60.817,680.191,
49,4.161,3.201,693.635,251.271,68.179,682.752,
50,4.481,3.521,697.157,269.195,72.66,689.473,
51,4.801,3.201,1545.07,283.92,73.621,700.677,
52,5.121,3.841,651.703,299.284,76.822,745.17,
53,5.121,3.521,775.258,316.249,85.784,726.284,
54,5.121,3.841,710.92,332.894,87.064,757.333,
55,5.441,3.521,726.284,355.62,91.866,764.695,
56,5.442,4.161,726.924,373.225,94.427,756.373,
57,5.761,3.521,727.565,392.75,104.029,749.651,
58,5.761,3.521,729.165,416.117,108.19,698.117,
59,6.081,3.841,686.594,435.002,111.711,740.048,
60,6.402,3.841,689.154,456.449,115.233,716.681,
61,6.401,3.841,703.558,1532.27,126.756,755.733,
62,6.722,4.161,680.191,505.102,133.157,747.73,
63,6.722,4.161,638.58,529.109,135.078,753.492,
64,7.362,4.161,725.324,553.756,139.239,801.826,
65,7.362,4.161,721.803,579.043,150.442,729.166,
66,7.362,4.482,674.43,607.531,156.844,740.368,
67,8.002,4.162,660.666,636.659,162.605,1275.88,
68,8.002,4.481,718.282,660.345,166.767,785.501,
69,8.322,18.565,680.831,693.955,181.491,779.099,
70,8.322,4.481,659.066,722.123,186.932,789.982,
71,8.642,4.482,719.562,751.571,191.414,799.265,
72,8.642,4.481,673.47,785.501,197.176,760.214,
73,8.963,4.802,670.909,819.751,213.5,929.222,
74,9.283,4.802,730.445,850.799,225.984,843.757,
75,9.603,5.121,706.759,889.85,226.304,835.115,
76,9.923,4.801,673.149,922.82,231.425,1183.69,
77,9.922,5.121,724.684,955.469,246.789,853.36,
78,10.563,5.121,694.915,998.04,268.876,821.991,
79,10.563,5.121,724.044,1034.85,259.913,1450.01,
80,10.563,5.121,733.327,1076.78,270.476,818.15,
81,10.883,5.121,680.832,1117.43,288.721,950.988,
82,11.203,5.122,666.748,1729.13,297.043,827.433,
83,11.523,5.122,705.158,1207.06,306.647,844.398,
84,11.523,5.442,718.922,1248.35,312.408,828.393,
85,11.843,5.442,861.362,1293.8,334.174,872.886,
86,12.164,5.442,666.747,1336.7,341.536,831.914,
87,12.804,5.761,692.355,1383.11,351.779,1121.92,
88,12.804,5.761,621.294,1436.56,358.821,886.97,
89,13.123,5.762,941.384,1482.98,380.267,828.393,
90,13.444,5.762,690.754,2105.87,387.949,898.172,
91,13.444,5.762,720.843,1579.32,398.192,848.239,
92,13.764,5.761,667.388,1633.42,406.834,1528.75,
93,14.084,5.762,679.871,1684.31,428.6,960.27,
94,14.724,6.082,734.927,1740.65,443.005,870.645,
95,14.724,6.081,928.581,1802.43,475.653,865.844,
96,15.365,6.402,740.688,1884.69,466.371,892.411,
97,15.365,6.081,677.311,2471.74,493.579,1048.61,
98,15.684,6.721,644.021,1981.68,505.742,919.939,
99,16.325,6.402,728.205,2039.29,515.025,853.361,
100,16.324,6.722,718.602,2109.07,527.508,837.035,
101,16.645,7.042,703.878,2170.53,558.558,845.358,
102,17.285,7.042,726.604,2352.66,567.84,890.81,
103,17.285,6.721,709.639,2293.13,576.482,886.969,
104,17.925,7.042,1040.61,2372.51,610.091,916.097,
105,17.926,7.362,732.366,2433.97,653.303,911.617,
106,18.245,7.042,730.445,2500.54,634.098,983.637,
107,18.885,7.362,732.046,2581.53,652.024,979.796,
108,19.205,7.362,734.287,2647.47,660.346,996.12,
109,19.526,7.682,734.287,2716.92,691.714,986.837,
110,20.166,7.362,739.728,2799.19,711.24,990.998,
111,20.486,7.362,741.648,2867.37,724.043,973.393,
112,20.806,7.362,1269.16,2958.27,739.088,1053.1,
113,21.126,7.682,728.525,3035.09,774.297,960.911,
114,21.126,7.362,746.77,3118.64,792.543,995.48,
115,21.766,8.002,723.724,3198.98,808.868,1369.34,
116,22.086,8.322,706.759,3278.36,820.071,945.866,
117,22.406,8.323,715.721,3363.19,894.652,1053.1,
118,23.047,8.322,785.181,3453.77,879.288,1039.33,
119,23.047,8.323,723.084,4005.61,891.131,1039.97,
120,23.366,8.323,712.841,3636.22,1031.01,1083.18,
121,24.007,8.642,966.672,3730.01,950.987,1070.38,
122,24.327,8.642,715.081,3816.75,967.312,1072.62,
123,24.647,8.642,724.683,3978.72,997.721,966.352,
124,24.967,8.643,751.252,4492.14,1054.7,1122.23,
125,25.288,9.283,701.957,4335.94,1103.35,1164.49,
126,25.927,9.283,734.286,4292.73,1083.82,1156.49,
127,26.568,8.962,696.516,4713.01,1093.75,1132.16,
128,26.248,9.282,723.084,4406.36,1107.51,1133.12,
129,27.208,9.602,704.518,4507.51,1148.48,1092.47,
130,27.527,9.603,716.041,5097.11,1170.89,1182.73,
131,28.488,9.603,684.033,4724.53,1190.73,1110.39,
132,29.768,9.602,738.768,4843.92,1206.74,1055.34,
133,29.128,9.603,733.646,5158.89,1262.44,1108.15,
134,29.128,9.603,705.478,5061.58,1282.28,1485.22,
135,30.088,10.243,711.88,5200.5,1295.72,1177.61,
136,30.409,10.243,746.129,5733.45,1326.13,1256.67,
137,30.729,10.243,698.757,5744.02,1369.03,1116.47,
138,31.049,10.243,722.444,5615.02,1401.03,1363.58,
139,31.689,10.883,7040.7,5653.43,1801.15,1206.74,
140,32.329,10.883,720.202,5764.18,1436.88,1184.65,
141,33.29,11.203,719.882,5900.54,1506.34,1134.72,
142,32.649,10.883,681.151,6238.88,1525.87,1588.29,
143,33.61,11.203,686.593,6487.9,1534.51,1232.99,
144,33.61,11.203,711.56,6278.89,1920.86,1227.23,
145,34.25,11.524,705.478,6805.11,16618.1,7829.72,
146,35.21,59.216,3037.33,7193.06,1652.63,1346.62,
147,35.21,11.523,743.249,7053.5,1699.04,1273.32,
148,35.85,11.843,693.315,6835.52,1709.92,1298.6,
149,35.85,11.843,688.514,6945.95,1771.38,1254.11,
150,37.13,12.163,727.884,7106.64,1790.26,1337.66,
151,37.45,11.843,1027.17,7186.66,1787.06,1344.06,
152,37.771,11.843,737.807,7774.35,1843.4,1478.18,
153,39.051,12.163,701.958,7886.38,1915.74,1277.8,
154,38.411,11.844,700.677,8034.26,1937.51,1517.23,
155,39.371,12.484,732.366,8073.63,1976.88,1342.46,
156,24633.8,32.009,857.201,8666.76,1990.64,1445.53,
157,40.331,12.804,733.006,8459.98,2070.02,1414.48,
158,40.331,13.124,707.399,8709.97,2367.07,1393.03,
159,40.972,12.804,693.956,8837.69,2102.35,1521.07,
160,41.932,12.804,742.288,8967.32,2144.6,1572.28,
161,42.252,13.124,695.876,9097.6,2229.43,1432.4,
162,43.852,13.444,712.2,9251.56,2263.04,1547.64,
163,43.212,13.764,705.158,9456.74,2291.2,1448.73,
164,43.532,13.443,724.684,9255.08,2315.53,1567.16,
165,43.853,13.764,918.339,9429.21,2403.56,1493.86,
166,45.133,14.084,741.008,9684.64,2516.55,1921.18,
167,45.132,13.764,741.008,9925.03,2796.95,1656.47,
168,45.773,14.084,749.011,10351.1,2505.34,1629.58,
169,46.413,14.404,730.766,10798.9,2613.53,1709.6,
170,47.053,14.404,737.807,10501.5,2617.06,1719.52,
171,47.374,14.725,730.125,10843.4,2729.09,1741.93,
172,48.014,14.404,913.217,10804.6,2673.71,2000.24,
173,48.334,14.404,761.814,10898.4,3020.69,1701.92,
174,49.614,15.044,747.73,11430.7,2779.66,1708.32,
175,49.294,15.044,735.247,11588.2,2799.19,1716,
176,50.254,15.044,751.251,11794.7,2843.04,1787.38,
177,50.254,15.364,757.653,11759.1,3224.27,1767.22,
178,51.215,15.044,746.45,12110.9,2962.75,1799.55,
179,51.855,15.685,755.092,12363.5,2996.04,1767.54,
180,52.815,15.685,780.38,12398.7,3329.9,1934.3,
181,52.495,15.685,713.16,12744.4,3239.31,1804.03,
182,53.775,16.324,723.403,12908.3,3168.25,1946.15,
183,54.095,16.325,768.536,12874,3589.81,1869.33,
184,55.055,16.005,722.123,13442.5,3237.71,2038.65,
185,55.055,16.325,736.527,13624.6,3658.31,1927.9,
186,56.016,16.645,727.885,13960.1,3397.12,2066.18,
187,56.016,16.964,737.168,14106,3490.9,2363.54,
188,57.616,17.285,713.161,14332,3456.65,2039.93,
189,57.616,16.965,743.249,14516.7,3572.52,2312.97,
190,58.576,17.285,722.124,14766.7,3597.81,8495.19,
191,59.537,17.925,740.368,14933.8,3774.82,2040.25,
192,59.537,17.605,723.724,15213.6,3678.79,2419.56,
193,59.857,17.605,882.489,15518.6,3805.87,2102.99,
194,60.818,17.926,736.207,15653.4,4042.74,2191.02,
195,61.777,17.925,752.852,16081,3928.78,2298.25,
196,62.418,18.246,809.188,16398.9,3990.56,2444.85,
197,62.737,18.565,724.044,16731.1,4297.53,2384.35,
198,63.377,18.565,734.607,16916.1,4159.89,2501.18,
199,63.698,18.886,712.52,17045.8,4165.65,2325.77,
200,64.979,18.885,770.777,17331.9,4409.56,2543.75,
201,65.298,19.205,722.764,17646.6,4350.34,2513.67,
202,65.939,19.205,757.013,17868.4,4387.79,2638.82,
203,67.219,38.09,827.112,18035.8,4394.84,2440.37,
204,67.219,19.526,787.742,18141.1,4455.65,2388.83,
205,67.539,20.166,767.896,18546.3,4780.22,2432.04,
206,69.14,20.165,766.615,18752.5,4817.68,2536.39,
207,70.099,19.846,730.766,19144.3,4849.68,2618.66,
208,70.42,20.486,735.567,19263.7,4709.17,2914.42,
209,71.06,20.165,786.461,19586.9,4812.87,2807.83,
210,72.02,20.806,778.459,19911.8,4884.25,2503.42,
211,71.7,21.126,801.505,20922.4,5152.81,3347.82,
212,72.661,21.126,771.737,20398.4,4979,2929.78,
213,72.34,21.126,776.218,21218.1,5219.71,3217.23,
214,73.301,21.446,761.814,20994.1,5278.6,2756.94,
215,73.301,21.446,785.821,21495.6,5476.1,2964.35,
216,75.221,21.766,773.338,21667.9,5457.21,2881.45,
217,75.221,22.086,785.181,22809.9,5577.89,3327.34,
218,75.861,21.766,799.584,22261,5479.62,2876.01,
219,77.462,22.086,892.411,23061.5,5729.29,3442.57,
220,78.422,22.407,778.459,23101.2,5786.27,3069.98,
221,78.742,22.726,775.258,23771.2,6137.73,3449.61,
222,80.343,22.727,772.698,23665.5,5891.9,3042.78,
223,79.382,23.046,814.309,24661,6054.82,3668.23,
224,81.303,23.046,791.583,24115.6,6134.53,3113.84,
225,80.662,23.367,825.832,25573,6276.33,3682,
226,81.623,23.686,763.415,24869.4,6229.91,3177.53,
227,82.583,23.367,827.433,26346.3,6492.39,4082.75,
228,108.83,24.007,794.783,25308.2,6412.36,3138.48,
229,84.184,23.366,770.457,25785.2,6357.95,3105.51,
230,85.464,24.647,772.697,27903.5,7307.34,4495.67,
231,84.504,24.967,764.695,27923.4,6822.72,4021.29,
232,87.065,24.967,795.423,28362.5,7008.37,4478.06,
233,86.424,24.647,994.519,28655.4,7194.66,4322.18,
234,88.985,25.287,773.657,29109,7360.15,4472.94,
235,88.985,25.287,780.7,29238.3,7241.4,4296.89,
236,88.985,25.607,783.9,28074.1,6869.45,3507.87,
237,89.945,25.927,791.262,28874,7370.71,3690.64,
238,92.186,25.928,786.781,30731.2,7615.26,4622.42,
239,90.905,25.927,787.741,30931.6,7617.82,4507.51,
240,93.146,26.248,795.744,30778.9,7510.59,4419.48,
241,92.506,26.568,787.742,31421,7749.38,4339.14,
242,94.427,26.888,829.033,31823.7,7811.48,4523.51,
243,95.067,26.888,860.082,31417.8,7718.01,4150.93,
244,95.386,26.887,783.261,31101.9,7833.56,3791.79,
245,96.987,27.847,819.43,32526.3,7998.41,4395.8,
246,97.628,27.208,822.951,32946.5,8040.02,4538.88,
247,98.588,28.168,781.66,33296.1,8208.71,4465.58,
248,97.948,27.527,781.019,33250,8076.19,4365.39,
249,100.508,28.168,1009.24,33483.7,8288.73,4233.19,
250,98.908,27.848,813.028,34562,8517.6,4486.7,
251,101.149,76.502,783.58,36332.1,8470.22,4204.38,
252,103.389,29.448,836.075,36054.6,8989.09,5461.06,
253,101.789,28.808,842.157,35359.7,8852.09,4138.12,
254,104.35,28.808,817.189,35845,8909.39,4285.04,
255,104.99,29.768,1056.62,38421.7,9384.08,5775.71,
256,104.989,28.808,840.556,38417.5,9493.23,5661.11,
257,105.95,29.449,939.464,37080.5,9163.54,4351.3,
258,105.949,29.449,795.103,37736.7,9346.31,4447.01,
259,106.59,29.128,1013.09,38802.3,9607.5,4791.75,
260,109.15,30.089,813.029,39114,9580.29,4836.56,
261,110.431,30.408,809.187,39592.6,9821.32,5074.39,
262,109.15,30.729,825.193,39998.5,9914.47,5023.81,
263,111.392,30.409,869.364,41065,10158.4,5230.91,
264,110.751,31.369,889.21,41196.9,10123.2,4980.6,
265,112.032,30.729,823.591,42878.3,10728.5,6151.17,
266,112.671,31.369,859.761,42183.7,10375.7,5154.73,
267,211.26,31.369,802.786,42584.5,10525.2,5211.39,
268,114.272,31.689,819.75,43766.2,10637.6,5546.84,
269,114.913,32.009,854.32,44620.6,11244.8,6050.98,
270,115.552,32.329,829.993,44636.9,11127.3,5509.07,
271,116.833,32.649,849.839,45033.8,11230.4,5424.57,
272,118.753,51.214,839.276,45287.3,11147.8,5453.37,
273,118.754,32.969,1079.02,47486.3,11845.6,7075.91,
274,119.073,33.289,813.989,46565.7,11564.5,6057.7,
275,120.354,33.289,861.682,48098.6,11941,6732.13,
276,121.314,33.609,809.828,49206.8,12131.7,7257.08,
277,122.915,33.609,858.802,49092.5,12482.2,6996.53,
278,123.555,34.25,838.316,49989.1,12435.5,6685.72,
279,124.835,50.254,1625.42,50325.2,12591.1,6902.42,
280,126.116,34.57,863.603,51691,12764.2,7448.82,
281,125.796,34.57,883.769,51414.5,13049.1,7048.7,
282,126.756,35.53,820.39,53047.2,13098.1,7067.59,
283,127.716,35.209,870.645,53463.4,13214.3,7596.7,
284,127.715,35.21,992.6,53763.3,13439.3,7290.37,
285,129.636,35.53,818.15,53746.6,13344.2,7489.79,
286,129.637,36.17,815.909,55252.7,13713,7418.73,
287,131.236,35.85,818.79,55401.5,13749.8,7508.99,
288,131.557,36.49,820.071,56290.4,13904.7,7952,
289,133.157,37.131,834.155,56336.2,14171.3,7764.74,
290,133.478,36.81,811.428,57563.1,14359.6,7983.69,
291,135.078,37.13,1118.71,60134,14940.8,8892.74,
292,136.039,37.451,873.846,58754.1,14456.5,7718.97,
293,136.038,37.45,813.669,58985.9,14991.7,7403.36,
294,136.998,37.77,1069.1,59165.1,17469.6,7682.8,
295,138.279,39.691,983.637,60498.3,15253.3,8953.24,
296,148.522,38.411,1041.89,60750.5,14978.6,8153.33,
297,138.599,38.731,799.265,62190.3,15672.9,8087.4,
298,144.681,39.051,832.874,63326.6,15742.7,8965.08,
299,142.761,39.051,802.465,63816.7,15823.7,8379.32,
300,143.72,40.011,828.072,63499.8,15756.4,8090.28,
301,144.361,39.691,1076.46,64994.6,16514.1,8427.65,
302,145.321,39.691,829.353,65047.4,16117.8,8486.23,
303,145.641,40.331,863.923,66575.9,16543.5,8990.05,
304,147.561,40.331,821.031,66130.9,16703.9,8758.62,
305,146.921,40.652,838.636,67527.1,17133.8,9156.82,
306,148.842,40.332,836.075,68894.3,17383.4,9758.26,
307,150.762,40.971,871.285,70313.9,17379,9672.48,
308,149.482,40.971,834.155,70295,17310.8,9327.74,
309,151.083,41.292,857.842,71797.8,17820.1,10120.6,
310,151.723,41.612,833.834,71412.1,17908.7,9413.21,
311,153.964,41.932,841.196,73404,18177.3,10474.6,
312,154.923,42.251,839.916,74017.6,18366.4,12166.3,
313,157.804,42.572,818.791,74118.1,18579.3,10212.8,
314,157.164,43.533,832.234,75364.2,18594.3,10370.3,
315,157.485,42.572,828.073,74771.1,18737.1,9648.47,
316,159.085,245.829,895.292,76046,18776.2,10154.5,
317,157.805,43.212,871.605,77055.3,19291.2,10531.3,
318,161.005,44.492,823.591,77993.1,19334.7,10874.7,
319,161.325,43.853,853.04,78400.6,19422.1,12637.8,
320,161.965,45.453,856.24,79381.4,19528.7,10906.4,
321,163.886,44.173,972.753,80046.2,19931,10908.7,
322,164.526,45.453,824.232,80132,19870.6,10956.7,
323,165.167,44.812,843.757,83171.2,20777.7,11530,
324,168.047,46.093,854.961,82717.7,20561.6,11699.3,
325,165.807,45.773,878.967,83394,20808.7,11127.9,
326,169.007,46.413,883.769,84858.8,21033.1,11941.9,
327,168.687,45.772,877.687,84804,21072.2,11490.9,
328,170.608,46.413,806.947,86548.2,21409.5,12466.5,
329,174.129,46.733,846.638,86455.4,21788.5,11497,
330,174.449,47.374,1003.16,88151.8,21962.7,12175.9,
331,177.01,46.733,841.837,88768.6,21954,12410.5,
332,174.769,47.693,817.83,88817.9,21971.6,12339.2,
333,177.33,47.693,877.047,90593.2,22574.3,12679.1,
334,177.65,48.654,870.644,90151.8,22500.7,12549.8,
335,178.291,47.694,876.406,91942.7,22825.9,12704.1,
336,179.89,48.974,859.442,92393.4,22731.2,12726.1,
337,180.211,48.973,857.521,95126,23597.7,13247.6,
338,182.131,55.056,895.612,95223.6,23499.4,13451.5,
339,182.771,49.614,884.409,95283.1,23774.4,13032.8,
340,184.052,50.254,1131.52,97707.5,24311.8,13537.9,
341,184.372,50.575,837.356,95078.3,23534.3,12523.8,
342,185.332,51.214,918.979,97375.9,24267,13634.9,
343,188.533,50.574,910.016,98018,24625.2,13211.1,
344,187.573,50.895,881.207,102085,25101.8,13909.8,
345,190.134,51.535,924.1,99837.4,24737.2,13465.5,
346,190.774,52.815,921.539,99478.2,24796.4,13122.4,
347,189.814,50.894,815.909,105606,26105.3,14844.5,
348,192.054,52.495,904.575,111476,27571.6,15892.5,
349,194.934,52.175,884.729,110330,27254.1,15534.9,
350,194.615,54.416,897.213,104883,26228.2,14436.7,
351,194.935,52.814,838.956,107670,26765.3,14792.6,
352,197.495,54.095,1075.82,105472,26300.8,13917.5,
353,198.136,52.815,902.333,107050,26496.1,14527.3,
354,198.136,54.736,935.623,107928,26920.5,15042,
355,199.416,54.735,960.27,110364,27589.8,15320.1,
356,200.376,54.095,857.841,111110,27608.7,15276.6,
357,202.617,54.736,865.524,112625,28185.2,15542,
358,201.976,55.376,907.135,117805,29116.3,16283,
359,202.617,55.056,928.581,117797,28161.5,15369.1,
360,203.898,56.015,902.974,118006,29070.9,16467.4,
361,207.098,56.656,934.343,114674,28392.6,15354.1,
362,207.419,57.296,916.738,116283,28958.5,15788.8,
363,209.979,56.656,920.899,128732,31975.7,18054,
364,208.699,57.296,904.575,120996,29969.7,16778.8,
365,211.899,57.297,942.665,131408,32380,18534.8,
366,211.58,58.257,893.691,118758,29399.6,15823,
367,213.18,58.257,887.29,118564,29316.7,15212,
368,214.14,58.256,929.862,120392,29772.2,15880.9,
369,215.74,58.576,943.626,120733,30004.6,15790.7,
370,217.981,59.216,940.425,122266,30209.8,15752.9,
371,217.981,58.897,935.943,125022,30995.9,17050.2,
372,219.902,58.576,896.572,127818,31654.3,18310.1,
373,221.823,59.217,912.256,127905,31624.3,17997.7,
374,220.542,59.536,1078.06,130308,32451,18932.4,
375,222.463,60.817,869.044,128977,32097,17723.4,
376,222.463,68.179,856.881,132087,32749.4,18867.1,
377,223.743,128.996,979.155,133192,33089.9,19157.4,
378,225.663,60.497,937.863,134065,33282,19203.8,
379,227.904,60.817,934.983,136428,33719.9,19857.7,
380,226.944,61.778,904.254,136269,33816.9,19534.8,
381,229.184,62.418,987.797,138254,34355.9,19811.3,
382,231.425,62.097,875.767,138073,34349.8,19804.3,
383,230.465,62.098,874.806,138867,34459.3,19429.8,
384,231.745,62.098,877.367,140570,34874.4,20029,
385,235.266,63.057,907.455,141522,35088.6,20071.9,
386,235.586,63.378,906.495,142717,35745.1,20342.4,
387,237.827,63.698,958.029,143886,35735.2,20353.9,
388,237.187,63.698,921.219,144873,36125,20756.6,
389,239.428,64.338,874.486,142791,35582.2,19119.6,
390,241.988,65.298,1096.31,144601,40305.1,19688.4,
391,241.348,65.298,962.19,145649,36186.5,19361,
392,243.268,64.978,903.294,145826,36432,19495.4,
393,243.908,65.619,982.356,147908,36604.5,19816.1,
394,246.789,65.618,953.548,150653,37487.7,20922.4,
395,247.11,66.899,948.427,151317,37697.3,20811,
396,253.191,66.579,956.749,151685,37673.3,20581.1,
397,248.71,67.859,932.743,155065,39546.8,21694.4,
398,249.671,67.219,963.471,155883,38895.1,21747.6,
399,253.191,67.219,971.793,157599,39292.7,22491.1,
400,254.151,67.859,949.388,158731,40152.1,22492.7,
401,257.352,67.859,928.261,159668,40687,22770.6,
402,253.511,67.859,911.616,158242,39927.7,25763.1,
403,260.553,68.499,1061.74,159862,40308.3,21936.4,
404,256.392,71.06,941.384,162408,41079.1,22676.8,
405,257.993,69.14,934.983,163873,40932.2,23096.4,
406,261.513,71.38,914.177,165422,41331.9,23311.2,
407,263.114,70.1,990.038,166437,41593.1,23667.8,
408,262.794,70.74,950.027,166994,41697.8,23131.6,
409,263.434,71.06,1004.44,167852,41735.3,22769.9,
410,265.034,72.34,1223.7,168423,42377.4,23093.2,
411,265.674,71.06,934.663,169142,42425.7,23246.5,
412,283.92,71.7,1003.48,171460,43014.7,23982.4,
413,272.397,71.7,1040.29,172323,42882.8,23575.6,
414,269.516,72.341,1012.77,174235,43664.8,24437.9,
415,274.317,72.02,1004.76,177428,44426.9,25570.7,
416,271.437,72.66,969.553,176360,44319,24518.6,
417,273.677,73.3,1005.4,178292,44594,25029.1,
418,274.317,73.941,1006.36,178810,44773.6,24860.8,
419,277.198,74.261,979.156,181429,48227.6,25799.6,
420,282,74.901,1066.22,181772,45514.6,25683.4,
421,280.399,74.901,1043.49,183383,45952.4,25532.9,
422,280.398,75.221,991.318,184205,46417.5,25590.2,
423,282.959,75.221,1019.49,186361,46758.1,26308.2,
424,284.24,75.541,1094.71,187312,46940.2,26356.2,
425,285.52,75.541,1017.25,188758,47124.6,26555,
426,284.56,75.861,1121.92,190633,47902.1,26876.4,
427,288.081,76.502,1025.57,191356,48129.1,29107.4,
428,297.364,77.142,1037.09,192420,48425.8,32319.5,
429,292.562,78.102,1059.82,193795,48531.7,26839.2,
430,293.523,77.462,1017.89,196225,49275.9,27750.5,
431,299.924,78.422,1086.07,195964,49517,27359.4,
432,294.163,78.102,1028.45,197326,49473.8,28165.4,
433,295.763,78.102,971.473,198120,49997.7,28179.8,
434,302.165,158.124,1157.13,201675,50818.1,28893.2,
435,301.845,79.383,1121.92,202960,50879,28669.8,
436,298.644,79.702,1047.97,203290,50869.3,28085.7,
437,302.485,80.983,1046.37,206648,51603,28216.6,
438,302.485,82.904,1101.11,204917,52004.1,28898.4,
439,304.406,81.303,1051.5,206991,52338.2,29225.2,
440,305.046,80.983,1100.15,208248,52533.2,29671.1,
441,306.327,83.224,1002.52,210577,52821.9,29101.9,
442,309.527,81.623,1048.94,212042,53254.3,29729.3,
443,309.207,81.623,1112.31,213030,53695.1,30358.6,
444,311.447,83.224,1014.36,214827,54031.2,30203.1,
445,357.54,82.583,1193.3,217252,54485.4,30796.5,
446,312.087,82.903,1133.76,218084,54871.1,30625.6,
447,314.328,83.223,1071.34,219316,55286.3,30897,
448,315.609,83.864,1047.33,219775,55402.5,31117.6,
449,323.611,84.184,1112.63,222532,55661.4,31026.6,
450,318.17,84.184,995.8,224277,56389,31389.9,
451,329.372,85.784,1204.5,226172,57260.6,32324.3,
452,322.97,87.705,1133.44,227146,57155.3,32164.6,
453,324.571,85.464,1099.19,229732,57900.4,33063.7,
454,326.812,86.104,1070.06,236252,59919.9,34351.4,
455,330.012,86.425,1121.59,233427,58659.4,32841.9,
456,327.772,87.065,1132.16,234131,58952.6,33516,
457,329.373,87.384,1093.11,235276,59118.7,33499,
458,333.534,118.754,1473.37,237289,60179.2,34128,
459,331.614,88.025,1031.33,238910,60376.3,34392.1,
460,334.814,88.345,1116.15,239823,60369.9,34190.7,
461,336.095,92.506,1158.09,240784,60830.2,34135.7,
462,335.134,88.665,1105.27,243334,61454.7,34835.4,
463,338.975,88.985,1055.34,243691,61679.1,34767.9,
464,339.616,89.625,1116.15,245307,61909.6,35123.5,
465,343.777,90.266,1198.1,246984,62257.5,34976.9,
466,393.711,89.945,1116.79,248198,63182.6,35718.5,
467,342.496,92.826,1102.07,252677,63951.1,38148.6,
468,344.737,94.427,1147.84,252683,64106.4,37663.7,
469,345.057,91.546,1131.2,255793,64667.2,38284,
470,354.66,91.545,1223.06,257342,65084.9,38243.7,
471,358.501,92.506,1049.9,257813,65138.6,37666,
472,357.541,92.506,1099.83,260124,65698.8,38636.1,
473,355.62,92.826,1151.04,262296,66273,38621.1,
474,352.739,93.147,1097.91,263052,66911,39879.7,
475,358.18,94.107,1274.92,262137,66944.6,38844.2,
476,357.221,95.067,1126.08,266225,67650.1,40041.3,
477,359.781,95.387,1188.81,268585,67869.6,39747.8,
478,367.783,94.747,1175.69,269072,68327.4,39938.6,
479,362.982,95.386,1150.08,270867,68575.8,39051.6,
480,363.302,96.027,1160.65,272389,68925.3,40281.4,
481,366.183,96.347,1157.13,274454,69778.3,40711.6,
482,368.743,96.027,1039.97,275524,70114.8,41268.2,
483,368.424,98.267,1175.05,278266,70399,40165.9,
484,368.744,97.307,1136,279301,71054.2,41646,
485,370.665,97.627,1229.79,281563,74013.8,40942.4,
486,372.584,98.588,1224.34,282779,71760.7,41096.7,
487,378.347,98.908,1098.23,282434,71765.5,40258.4,
488,378.986,98.908,1176.33,286650,72805.8,42119.7,
489,383.148,98.907,1207.06,287920,72959.7,41835.4,
490,379.307,99.548,1144.64,290468,73605.7,42230.1,
491,380.587,99.548,1227.23,289784,73606.3,41597,
492,381.547,100.188,1128.32,292886,74190.1,43003.5,
493,382.827,100.508,1207.38,295338,74898.5,42752.2,
494,382.828,100.828,1079.66,294932,75263.7,42915.1,
495,387.629,101.149,1144.32,296554,75788.7,44554.6,
496,391.79,102.109,1063.02,300370,76031,43740,
497,386.669,102.108,1445.21,302020,76582.5,44146.8,
498,389.229,102.749,1100.79,303258,77293.4,44156.4,
499,391.791,103.389,1297.65,305910,78131.1,44296.9,
500,400.433,104.03,1158.73,305499,77298.9,43234.9,
